<?xml version="1.0" encoding="UTF-8"?>
<!DOCTYPE mapper PUBLIC "-//mybatis.org//DTD Mapper 3.0//EN" "http://mybatis.org/dtd/mybatis-3-mapper.dtd">
<mapper namespace="com.jsh.erp.datasource.mappers.TenantMapperEx">

    <resultMap extends="com.jsh.erp.datasource.mappers.LogMapper.BaseResultMap" id="ResultMapEx" type="com.jsh.erp.datasource.entities.TenantEx">
        <result column="userCount" jdbcType="VARCHAR" property="userCount" />
    </resultMap>

    <select id="selectByConditionTenant" parameterType="com.jsh.erp.datasource.entities.TenantExample" resultMap="ResultMapEx">
        select jsh_tenant.*,
        (select count(jsh_user.id) from jsh_user where jsh_user.Status='0' and jsh_user.tenant_id=jsh_tenant.tenant_id) userCount
        FROM jsh_tenant
        where 1=1
        <if test="loginName != null">
            <bind name="bindLoginName" value="'%'+loginName+'%'"/>
            and login_name like #{bindLoginName}
        </if>
        <if test="type != null and type != ''">
            and type = #{type}
        </if>
        <if test="enabled != null and enabled != ''">
            and enabled = #{enabled}
        </if>
        <if test="remark != null">
            <bind name="bindRemark" value="'%'+remark+'%'"/>
            and remark like #{bindRemark}
        </if>
        order by id desc
        <if test="offset != null and rows != null">
            limit #{offset},#{rows}
        </if>
    </select>
    <select id="countsByTenant" resultType="java.lang.Long">
        SELECT
        COUNT(id)
        FROM jsh_tenant
        WHERE 1=1
        <if test="loginName != null">
            <bind name="bindLoginName" value="'%'+loginName+'%'"/>
            and login_name like #{bindLoginName}
        </if>
        <if test="type != null and type != ''">
            and type = #{type}
        </if>
        <if test="enabled != null and enabled != ''">
            and enabled = #{enabled}
        </if>
        <if test="remark != null">
            <bind name="bindRemark" value="'%'+remark+'%'"/>
            and remark like #{bindRemark}
        </if>
    </select>
</mapper>